role,content,timestamp
System,Conversation log initialized,2024-10-30 12:05:49
Robot,It seems the taco meat isn't being seasoned. Need any help with that?,2024-10-30 12:05:50
User,yes please,2024-10-30 12:05:53
Robot,Great! Let's grab the spices and season the taco meat together.,2024-10-30 12:05:54
User,where are the spices,2024-10-30 12:05:59
Robot,Check the spice rack or cabinet near the stove. Need more guidance?,2024-10-30 12:05:59
User,no i am all set,2024-10-30 12:06:04
Robot,Wonderful! How was your day today?,2024-10-30 12:06:05
User,it was relaly good,2024-10-30 12:06:08
Robot,That's great to hear! Did anything special happen today?,2024-10-30 12:06:09
User,i read a fantastic book,2024-10-30 12:06:15
Robot,That sounds enjoyable! What book did you read?,2024-10-30 12:06:16
User,i cant seem to rememeber the title of it,2024-10-30 12:06:31
Robot,No worries! Do you remember what it was about?,2024-10-30 12:06:32
User,it was about a kid going to an island and meeting monsters,2024-10-30 12:06:52
Robot,That sounds intriguing! Was it an adventure or a mystery story?,2024-10-30 12:06:53
User,i think adventure. do you know which book i am talking about?,2024-10-30 12:07:05
Robot,"It might be ""Where the Wild Things Are."" Does that sound familiar?",2024-10-30 12:07:06
User,oh yes! that sounds correct!,2024-10-30 12:07:15
Robot,Glad we figured it out! Are you planning to read more books like that?,2024-10-30 12:07:16
User,"no, i was reading it to my grandchildren",2024-10-30 12:07:23
Robot,That's wonderful! Do they enjoy storytime with you?,2024-10-30 12:07:25
User,yes. they love to read with me. Okay. i think the meat is burning,2024-10-30 12:07:43
Robot,Oh no! Quickly lower the heat or remove it from the stove. Need assistance?,2024-10-30 12:07:44
User,no i am good. bye,2024-10-30 12:07:48
Robot,"Alright, take care! Let me know if you need anything else.",2024-10-30 12:07:49
User,bye,2024-10-30 12:07:53
2024-10-30 15:45:25,Robot,It looks like the taco meat needs seasoning. Need a hand with that?
2024-10-30 15:45:28,User,yes
2024-10-30 15:45:29,Robot,Great! Let's add the spices to the taco meat. Need help finding them?
2024-10-30 15:45:34,User,yes where are they
2024-10-30 15:45:35,Robot,The spices should be in the cabinet above the stove. Need help reaching them?
2024-10-30 15:45:36,User,bye
2024-12-02 11:09:02,Robot,I noticed you're getting frozen broccoli. Should we start boiling water first?
2024-12-02 11:09:04,User,bye
2024-12-02 11:22:18,Robot,It looks like you got frozen broccoli. Want help boiling water first?
2024-12-02 11:22:19,Robot,Boiling water first can save time. Would you like assistance with that?
2024-12-02 11:23:03,Robot,It looks like you grabbed frozen broccoli. Shall I help boil the water first?
2024-12-02 11:23:04,Robot,Hey there! You started with frozen broccoli. How about boiling water first? Need help?
2024-12-02 11:23:35,Robot,I noticed you grabbed frozen broccoli. Shall we start boiling water first?
2024-12-02 11:23:42,User,oh right i forogt
2024-12-02 11:23:43,Robot,No worries! Let's get that water boiling now. Need any help?
