role,content,timestamp,Summary
System,Conversation log initialized,2024-10-30 12:05:49,"It seems like you've provided a single line from a CSV file, which indicates the initialization of a system conversation log with a timestamp of October 30, 2024, at 12:05:49. If there is more data or specific information"
Robot,It seems the taco meat isn't being seasoned. Need any help with that?,2024-10-30 12:05:50,"The CSV file appears to consist of a single entry related to a communication or message. The entry includes the following details:

- **Robot**: Likely the sender or the subject of the message.
- **Message**: ""It seems the taco"
User,yes please,2024-10-30 12:05:53,"The CSV file appears to contain a single entry with the following details:

- **User:** yes please
- **Date and Time:** 2024-10-30 12:05:53

This suggests that the file likely records a timestamp"
Robot,Great! Let's grab the spices and season the taco meat together.,2024-10-30 12:05:54,"The CSV file appears to contain a single record with the following information:

- **Message**: ""Robot Great! Let's grab the spices and season the taco meat together.""
- **Date and Time**: October 30, 2024, at"
User,where are the spices,2024-10-30 12:05:59,"It seems like you've provided a line from a CSV file, but it's not clear what the entire file contains or its structure. From the line you provided, it looks like there might be a timestamp and a user query asking ""where are the spices."""
Robot,Check the spice rack or cabinet near the stove. Need more guidance?,2024-10-30 12:05:59,"The CSV file appears to contain a single entry with the following details:

- **Task**: ""Robot Check the spice rack or cabinet near the stove.""
- **Additional Information**: ""Need more guidance?""
- **Date and Time**: """
User,no i am all set,2024-10-30 12:06:04,"The CSV file contains a single record with the following details:

- **User**: The entry is from a user.
- **Message**: ""no i am all set""
- **Date**: October 30, 2024
-"
Robot,Wonderful! How was your day today?,2024-10-30 12:06:05,"The CSV file contains a single entry with the following details:

- **Robot**: ""Wonderful!""
- **Message**: ""How was your day today?""
- **Timestamp**: ""2024-10-30 12:06:05"
User,it was relaly good,2024-10-30 12:06:08,"The CSV file appears to contain a single entry with the following information:

- **User**: This column likely contains the username or identifier of the person providing the input, though the specific name or ID is not provided in the snippet.
- **Comment"
Robot,That's great to hear! Did anything special happen today?,2024-10-30 12:06:09,"The CSV file appears to contain a single row of data with the following columns: a speaker (""Robot""), a message (""That's great to hear! Did anything special happen today?""), and a timestamp (""2024-10-30 12:06"
User,i read a fantastic book,2024-10-30 12:06:15,"The CSV file appears to contain a single record with the following details:

- **User:** i
- **Activity:** Read a fantastic book
- **Date and Time:** October 30, 2024, at 12:06:15"
